error_code,error_msg,inter_token_latency_s,ttft_s,end_to_end_latency_s,request_output_throughput_token_per_s,number_total_tokens,number_output_tokens,number_input_tokens,model,test_type,timestamp,config_hash
,,0.01168801912641165,1.2585530240321532,1.7779907960211858,98.42570636002031,713,175,538,smollm2:360m,performance,20250701_105832,d5f7cedf2a38b27a22f63b330abcaadc
,,0.0034339299296770034,0.03716501401504502,0.489079806022346,329.1896292128731,742,161,581,smollm2:360m,performance,20250701_105832,d5f7cedf2a38b27a22f63b330abcaadc
,,0.0034615427681274013,0.03086490900022909,0.5551918050041422,335.0193542547197,787,186,601,smollm2:360m,performance,20250701_105832,d5f7cedf2a38b27a22f63b330abcaadc
,,0.0036850671280145406,0.0328190490254201,0.2325999730383046,292.3474113593373,599,68,531,smollm2:360m,performance,20250701_105832,d5f7cedf2a38b27a22f63b330abcaadc
,,0.010294143673187742,0.021521618007682264,0.03476471500471234,143.82398933292714,488,5,483,smollm2:360m,performance,20250701_105832,d5f7cedf2a38b27a22f63b330abcaadc
,,0.003155047554040003,0.02195124502759427,0.34804640599759296,327.54252891434373,623,114,509,smollm2:360m,performance,20250701_105832,d5f7cedf2a38b27a22f63b330abcaadc
,,0.0031321446406655015,0.022351266001351178,0.39566924498649314,333.611979380672,604,132,472,smollm2:360m,performance,20250701_105832,d5f7cedf2a38b27a22f63b330abcaadc
,,0.003302771690093189,0.040900610969401896,0.4740746679599397,329.06208777470965,1123,156,967,smollm2:360m,performance,20250701_105832,d5f7cedf2a38b27a22f63b330abcaadc
,,0.005179020593641326,0.02224373398348689,0.05563025001902133,197.73414637250116,579,11,568,smollm2:360m,performance,20250701_105832,d5f7cedf2a38b27a22f63b330abcaadc
,,0.0031317044062933955,0.02491429098881781,0.4086033109924756,354.8674132076971,705,145,560,smollm2:360m,performance,20250701_105832,d5f7cedf2a38b27a22f63b330abcaadc
,,0.0034088692619927783,0.019503075978718698,0.5022007710067555,334.527562877318,522,168,354,smollm2:360m,performance,20250701_105832,d5f7cedf2a38b27a22f63b330abcaadc
,,0.003613453796133399,0.020946396980434656,0.09414073097286746,286.8046564008701,445,27,418,smollm2:360m,performance,20250701_105832,d5f7cedf2a38b27a22f63b330abcaadc
,,0.0033147612009166634,0.04606728599173948,0.5024853249778971,330.3579064867255,1202,166,1036,smollm2:360m,performance,20250701_105832,d5f7cedf2a38b27a22f63b330abcaadc
,,0.0038152074994286522,0.02384363900637254,0.12616401497507468,293.2690435328158,541,37,504,smollm2:360m,performance,20250701_105832,d5f7cedf2a38b27a22f63b330abcaadc
,,0.0032704798338928885,0.037565234990324825,0.5180962990270928,355.14633157103117,843,184,659,smollm2:360m,performance,20250701_105832,d5f7cedf2a38b27a22f63b330abcaadc
,,0.0031911361417486426,0.0228698099963367,0.4830917840008624,347.76000247543044,638,168,470,smollm2:360m,performance,20250701_105832,d5f7cedf2a38b27a22f63b330abcaadc
,,0.003166905619851505,0.026961577008478343,0.46366716601187363,345.0751136342113,732,160,572,smollm2:360m,performance,20250701_105832,d5f7cedf2a38b27a22f63b330abcaadc
,,0.005053959507495165,0.021435745991766453,0.054295953013934195,294.6812628170253,426,16,410,smollm2:360m,performance,20250701_105832,d5f7cedf2a38b27a22f63b330abcaadc
,,0.00329284068357083,0.03478434099815786,0.5286217500106432,344.29154683161573,836,182,654,smollm2:360m,performance,20250701_105832,d5f7cedf2a38b27a22f63b330abcaadc
,,0.0031324682097061,0.020987313997466117,0.47743319399887696,341.4090223487549,579,163,416,smollm2:360m,performance,20250701_105832,d5f7cedf2a38b27a22f63b330abcaadc
,,0.0032477146772369038,0.034180137037765235,0.5177827900042757,336.0482491095603,820,174,646,smollm2:360m,performance,20250701_105832,d5f7cedf2a38b27a22f63b330abcaadc
,,0.0030298113748854533,0.015687297971453518,0.33692695695208386,365.06428904557043,298,123,175,smollm2:360m,performance,20250701_105832,d5f7cedf2a38b27a22f63b330abcaadc
,,0.0031553864381786384,0.026910821965429932,0.4620304699637927,344.13314778235326,748,159,589,smollm2:360m,performance,20250701_105832,d5f7cedf2a38b27a22f63b330abcaadc
,,0.003148534295426809,0.02825777098769322,0.5083445089985617,350.1562362710672,784,178,606,smollm2:360m,performance,20250701_105832,d5f7cedf2a38b27a22f63b330abcaadc
,,0.0030669569650682497,0.020866056031081825,0.4887666020076722,368.27393537247974,544,180,364,smollm2:360m,performance,20250701_105832,d5f7cedf2a38b27a22f63b330abcaadc
,,0.0032160032461036625,0.03299138299189508,0.45803312002681196,353.6862137622646,793,162,631,smollm2:360m,performance,20250701_105832,d5f7cedf2a38b27a22f63b330abcaadc
,,0.0031790054835310368,0.02712547400733456,0.47501797502627596,341.0397258988754,774,162,612,smollm2:360m,performance,20250701_105832,d5f7cedf2a38b27a22f63b330abcaadc
,,0.003131184338529308,0.020437021041288972,0.4893930890248157,345.3256774360181,478,169,309,smollm2:360m,performance,20250701_105832,d5f7cedf2a38b27a22f63b330abcaadc
,,0.0047095604082146155,0.03718721499899402,0.10792449297150597,250.17490707256314,810,27,783,smollm2:360m,performance,20250701_105832,d5f7cedf2a38b27a22f63b330abcaadc
,,0.003308975465885963,0.03605312400031835,0.48469419102184474,342.48398902828717,978,166,812,smollm2:360m,performance,20250701_105832,d5f7cedf2a38b27a22f63b330abcaadc
,,0.0032562909205631923,0.02919910999480635,0.4080883499700576,333.2611676123041,731,136,595,smollm2:360m,performance,20250701_105832,d5f7cedf2a38b27a22f63b330abcaadc
,,0.0032619697672705496,0.026729770994279534,0.5069277359871194,339.29885423426583,748,172,576,smollm2:360m,performance,20250701_105832,d5f7cedf2a38b27a22f63b330abcaadc
,,0.0032039839469332576,0.021332932985387743,0.5073826509760693,338.99464175434014,641,172,469,smollm2:360m,performance,20250701_105832,d5f7cedf2a38b27a22f63b330abcaadc
,,0.0031908382392380717,0.024677466019056737,0.47058395500062034,335.75305388342815,689,158,531,smollm2:360m,performance,20250701_105832,d5f7cedf2a38b27a22f63b330abcaadc
,,0.003430834170109753,0.03013927600113675,0.4987380619859323,314.7945022981391,724,157,567,smollm2:360m,performance,20250701_105832,d5f7cedf2a38b27a22f63b330abcaadc
,,0.003178587845085483,0.027555031003430486,0.48453986999811605,328.1463711141422,728,159,569,smollm2:360m,performance,20250701_105832,d5f7cedf2a38b27a22f63b330abcaadc
,,0.004533927218290046,0.026930748019367456,0.08555053302552551,222.0909599047269,512,19,493,smollm2:360m,performance,20250701_105832,d5f7cedf2a38b27a22f63b330abcaadc
,,0.004218833005699494,0.03542633698089048,0.14780640800017864,257.0930483606237,775,38,737,smollm2:360m,performance,20250701_105832,d5f7cedf2a38b27a22f63b330abcaadc
,,0.003360394739623492,0.03786179202143103,0.40785244503058493,318.7427256694545,890,130,760,smollm2:360m,performance,20250701_105832,d5f7cedf2a38b27a22f63b330abcaadc
,,0.0034233148937529456,0.03256444097496569,0.5457295429660007,329.8337103425132,815,180,635,smollm2:360m,performance,20250701_105832,d5f7cedf2a38b27a22f63b330abcaadc
,,0.003172493121294282,0.023678719997406006,0.5217041709693149,356.5238891121305,649,186,463,smollm2:360m,performance,20250701_105832,d5f7cedf2a38b27a22f63b330abcaadc
,,0.003149125004212742,0.023444188991561532,0.4610513570369221,349.20187858184033,664,161,503,smollm2:360m,performance,20250701_105832,d5f7cedf2a38b27a22f63b330abcaadc
,,0.003375911254880029,0.02898999600438401,0.29801505897194147,338.90904824883125,693,101,592,smollm2:360m,performance,20250701_105832,d5f7cedf2a38b27a22f63b330abcaadc
,,0.0034848060766663187,0.039107131015043706,0.3079253750038333,308.5163085335769,964,95,869,smollm2:360m,performance,20250701_105832,d5f7cedf2a38b27a22f63b330abcaadc
,,0.0031768224850166472,0.022731530014425516,0.49998400901677087,348.0111300802893,664,174,490,smollm2:360m,performance,20250701_105832,d5f7cedf2a38b27a22f63b330abcaadc
,,0.0034166413767751855,0.020106679992750287,0.21224165702005848,301.54306604358777,397,64,333,smollm2:360m,performance,20250701_105832,d5f7cedf2a38b27a22f63b330abcaadc
,,0.0035141901122794175,0.024496996018569916,0.5073395959916525,323.2548795633495,686,164,522,smollm2:360m,performance,20250701_105832,d5f7cedf2a38b27a22f63b330abcaadc
,,0.003243820837399523,0.02374082599999383,0.5008756539900787,341.4020997782159,679,171,508,smollm2:360m,performance,20250701_105832,d5f7cedf2a38b27a22f63b330abcaadc
,,0.0032254954645062573,0.033641012967564166,0.45940888999029994,337.39007532760786,806,155,651,smollm2:360m,performance,20250701_105832,d5f7cedf2a38b27a22f63b330abcaadc
,,0.0034576501820993144,0.02142038702731952,0.17047154303872958,310.9023304139324,511,53,458,smollm2:360m,performance,20250701_105832,d5f7cedf2a38b27a22f63b330abcaadc
